0,Xavier Watts,S,Omaha,NE
0,Deion Colzie,WR,McDonough,GA
1,Javontae Jean-Baptiste,DL,Spring Valley,NY
2,Chris Tyree,RB,Chester,VA
2,DJ Brown,S,Annapolis,MD
3,Jaylen Sneed,LB,Hilton Head Island,SC
3,Logan Diggs,RB,Boutte,LA
4,Lorenzo Styles,WR,Pickerington,OH
5,Tobias Merriweather,WR,West Camas,WA
5,Cam Hart,CB,Baltimore,MD
6,Clarence Lewis,CB,Edison,NJ
7,Jaden Mickey,CB,Eastvale,CA
7,Audric Estim√©,RB,Nyack,NY
8,Kenny Minchey,QB,Hendersonville,TN
8,Marist Liufau,LB,Kalihi,HI
9,Eli Raridon,TE,Des Moines,IA
10,Prince Kollie,LB,Jonesborough,TN
10,Sam Hartman,QB,Charlotte,NC
11,Ramon Henderson,S,Bakersfield,CA
12,Jordan Botelho,DL,Honolulu,HI
12,Tyler Buchner,QB,San Diego,CA
13,Gi'Bran Payne,RB,Cincinnati,OH
13,Thomas Harper,S,Knoxville,TN
14,Bryce McFerson,P,Indian Trail,NC
14,Braylon James,WR,Round Rock,TX
15,Ryan Barnes,CB,Gaithersburg,MD
16,Dylan Devezin,QB,New Orleans,LA
17,Rico Flores Jr.,WR,North Highlands,CA
18,Chance Tucker,CB,Encino,CA
18,Steve Angeli,QB,Westfield,NJ
19,Jaden Greathouse,WR,Austin,TX
19,Marty Auer,S,Glenview,IL
20,Jadarian Price,RB,Denison,TX
20,Benjamin Morrison,CB,Phoenix,AZ
21,Adon Shuler,S,Irvington,NJ
22,Ben Minich,S,West Chester,OH
23,Justin Fisher,TE,Mishawaka,IN
23,Jaiden Ausberry,LB,Baton Rouge,LA
24,Jack Kiser,LB,Royal Center,IN
25,Preston Zinter,LB,North Andover,MA
26,Chase Dixon,WR,Rockford,IL
26,Isaiah Dunn,CB,Santa Fe Springs,CA
27,JD Bertrand,LB,Alpharetta,GA
27,Chase Ketterer,RB,New Carlisle,IN
28,Griffin Eifert,WR,Fort Wayne,IN
29,Christian Gray,CB,St. Louis,MO
29,Matt Salerno,WR,Valencia,CA
30,Skip Velotta,RB,Cleveland,OH
31,Bryan Dowd,P,Willowsprings,IL
31,Nana Osafo-Mensah,DL,Fort Worth,TX
32,Chris Salerno,K,Valencia,CA
33,Tre Reader,LB,Tampa,FL
33,Sam Assaf,RB,Atlanta,GA
34,Drayk Bowen,LB,St. John,IN
35,Hakim Sanfo,TE,Alexandria,VA
36,Eddie Scheidler,S,Lake Forest,IL
37,Henry Cook,WR,Shaker Heights,OH
38,Davis Sherwood,TE,Greensboro,NC
39,Andrew Yanoshak,TE,Bedford,PA
40,Joshua Burnham,DL,Traverse City,MI
40,Barret Liebentritt,TE,Omaha,NE
41,Donovan Hinish,DL,Pittsburgh,PA
42,Nolan Ziegler,LB,Caledonia,MI
44,Junior Tuihalamaka,LB,Granada Hills,CA
45,Kobi Onyiuke,DL,Richmond,VA
46,Jerry Rullo,LB,Philadelphia,PA
47,Jason Onye,DL,North Providence,RI
50,Rocco Spindler,OL,Clarkston,MI
51,Rino Monteforte,LS,Unionale,NY
52,Zeke Correll,OL,Cincinnati,OH
53,Quinn Murphy,OL,Duxbury,MA
54,Blake Fisher,OL,Avon,IN
56,Howard Cross III,DL,Paramus,NJ
59,Aamil Wagner,OL,Yellow Springs,OH
65,Michael Vinson,LS,Winnetka,IL
68,Michael Carmody,OL,Mars,PA
70,Ashton Craig,OL,Lawrenceburg,IN
71,Brennan Wicks,OL,Forestville,MD
72,Sam Pendleton,OL,Lawsonville,NC
73,Andrew Kristofic,OL,Gibsonia,PA
74,Billy Schrauth,OL,Campbellsport,WI
76,Joe Alt,OL,North Oaks,MN
77,Ty Chan,OL,Lowell,MA
78,Pat Coogan,OL,Palos Heights,IL
79,Tosh Baker,OL,Scottsdale,AZ
81,Jack Polian,WR,Ponte Vedra,FL
82,Leo Scheidler,WR,Lake Forest,IL
83,Jayden Thomas,WR,Paulding County,GA
84,Kevin Bauman,TE,Red Bank,NJ
85,Holden Staes,TE,Atlanta,GA
86,Alex Whitman,WR,Highstown,NJ
88,Mitchell Evans,TE,Wadsworth,OH
89,Charlie Selna,TE,Atherton,CA
91,Aiden Gobaira,DL,Fairfax,VA
92,Zac Yoakam,K,Upper Arlington,OH
92,Aidan Keanaaina,DL,Brighton,CO
95,Tyson Ford,DL,St. Louis,MO
97,Gabriel Rubio,DL,St. Louis,MO
99,Rylie Mills,DL,Lake Bluff,IL
